Site,Plot,OpenSkyrep1,Openskyrep2,Lightrep1ab,Lightrep1be,Lightrep2ab,Lightrep2be,Lightrep3ab,Lightrep3be,ANPPgrass,ANPPwoody,ANPPforb,ANPPpyd,ANPPpine,TreeNum,FRI,FRIRatio,TimeSinceLastBurn,Season ,Region,GSavglowtemp,GSavghightemp,GSprecip ,Elevation,USEcoregions4
SG1,1,1823,1783,1559,1187,1596,1463,1507,1236,6.82,,0.73,17.81,32.61,0,2.375,0.5,1,1,Sandhills,15.63,27.94,732.79,129.4,SandHills
SG1,2,1823,1783,1292,1114,1009,589,630,594,9.05,,1.39,10.75,28.46,1,2.375,0.5,1,1,Sandhills,15.63,27.94,732.79,129.4,SandHills
SG1,3,1823,1783,1476,682,692,439,686,626,4.19,2.12,0.33,3.89,32.17,1,2.375,0.5,1,1,Sandhills,15.63,27.94,732.79,129.4,SandHills
SG1,4,1823,1783,1542,939,1553,1123,1612,1181,0.89,5.34,0.57,10.54,20.48,0,2.375,0.5,1,1,Sandhills,15.63,27.94,732.79,129.4,SandHills
SG1,5,1823,1783,1602,1173,1619,1080,1542,995,7.75,,,16.56,18.83,0,2.375,0.5,1,1,Sandhills,15.63,27.94,732.79,129.4,SandHills
SG1,6,1823,1783,697,506,1629,1599,1626,1380,2.98,,,12.4,19.33,0,2.375,0.5,1,1,Sandhills,15.63,27.94,732.79,129.4,SandHills
SG1,7,1823,1783,247,193,413,209,480,217,2.61,7.49,,12.48,22.94,0,2.375,0.5,1,1,Sandhills,15.63,27.94,732.79,129.4,SandHills
SG1,8,1823,1783,964,702,141,138,382,223,1.15,,0.86,2.13,29.88,0,2.375,0.5,1,1,Sandhills,15.63,27.94,732.79,129.4,SandHills
SG1,9,1823,1783,1554,1295,1660,1052,1623,1062,2.38,,1.97,16.37,19.84,0,2.375,0.5,1,1,Sandhills,15.63,27.94,732.79,129.4,SandHills
SG1,10,1823,1783,1636,734,1533,989,1630,1149,8.74,7.24,7.66,16.4,13.18,0,2.375,0.5,1,1,Sandhills,15.63,27.94,732.79,129.4,SandHills
SG1,11,1823,1783,1367,1147,1620,858,1252,519,22.06,5.36,,18.96,7.88,0,2.375,0.5,1,1,Sandhills,15.63,27.94,732.79,129.4,SandHills
SG1,12,1823,1783,1622,1034,1671,842,1668,1058,3.29,4.17,4.46,2.02,13.32,0,2.375,0.5,1,1,Sandhills,15.63,27.94,732.79,129.4,SandHills
SG1,13,1823,1783,1665,1094,803,130,1564,1260,1.31,2.68,1.32,1.35,23.46,0,2.375,0.5,1,1,Sandhills,15.63,27.94,732.79,129.4,SandHills
SG1,14,1823,1783,583,221,892,451,1653,868,8.7,,1.62,8.3,16.01,1,2.375,0.5,1,1,Sandhills,15.63,27.94,732.79,129.4,SandHills
SG1,15,1823,1783,1636,1428,1680,980,651,552,5.29,1.99,,6.09,12.5,0,2.375,0.5,1,1,Sandhills,15.63,27.94,732.79,129.4,SandHills
SG1,16,1823,1783,533,386,291,198,230,149,1.93,5.87,,8.68,9.89,0,2.375,0.5,1,1,Sandhills,15.63,27.94,732.79,129.4,SandHills
SG1,17,1823,1783,668,505,1095,933,1518,787,2.54,4.18,0.61,2.64,29.88,0,2.375,0.5,1,1,Sandhills,15.63,27.94,732.79,129.4,SandHills
SG1,18,1823,1783,1669,1242,1714,1209,1677,545,2.52,9.05,,10.79,16.58,0,2.375,0.5,1,1,Sandhills,15.63,27.94,732.79,129.4,SandHills
SG1,19,1823,1783,1696,1217,1540,1053,1683,609,,,,,,0,2.375,0.5,1,1,Sandhills,15.63,27.94,732.79,129.4,SandHills
SG1,20,1823,1783,1643,1026,453,175,1742,1421,13.41,5.37,7.45,5.77,4.94,0,2.375,0.5,1,1,Sandhills,15.63,27.94,732.79,129.4,SandHills
SG1,21,1823,1783,1690,1064,1755,1022,1724,935,3.23,1.85,,14.86,10.7,0,2.375,0.5,1,1,Sandhills,15.63,27.94,732.79,129.4,SandHills
SG1,22,1823,1783,1716,1180,1740,1042,1713,709,10.28,5.37,,7.19,15.87,0,2.375,0.5,1,1,Sandhills,15.63,27.94,732.79,129.4,SandHills
SG1,23,1823,1783,1723,1032,1758,1179,1731,1319,6.5,13.33,,27.3,10.07,0,2.375,0.5,1,1,Sandhills,15.63,27.94,732.79,129.4,SandHills
SG1,24,1823,1783,1696,971,1571,910,830,269,12.94,8.93,,11.59,1.88,0,2.375,0.5,1,1,Sandhills,15.63,27.94,732.79,129.4,SandHills
SG1,25,1823,1783,1695,389,1754,409,1736,1352,9.43,5.48,,16.84,3.48,0,2.375,0.5,1,1,Sandhills,15.63,27.94,732.79,129.4,SandHills
SG2,1,1812,1997,298,267,300,221,1354,833,11.36,2.14,4.93,8.24,12.17,0,2,0.42857142,1,1,Sandhills,15.63,27.94,732.79,120.4,SandHills
SG2,2,1812,1997,897,384,467,343,1511,733,5.56,4.13,3.73,12.29,9.7,0,2,0.42857142,1,1,Sandhills,15.63,27.94,732.79,120.4,SandHills
SG2,3,1812,1997,1804,583,1829,1219,245,136,22.46,4.16,3.16,13.82,7.11,0,2,0.42857142,1,1,Sandhills,15.63,27.94,732.79,120.4,SandHills
SG2,4,1812,1997,1783,1167,1835,690,1827,1232,13.68,3.36,,10.61,15.52,0,2,0.42857142,1,1,Sandhills,15.63,27.94,732.79,120.4,SandHills
SG2,5,1812,1997,1331,973,1813,1129,1788,455,7.42,5.16,,7.43,15,1,2,0.42857142,1,1,Sandhills,15.63,27.94,732.79,120.4,SandHills
SG2,6,1812,1997,1838,766,1812,997,1788,921,13.36,7.5,,9.46,17.88,0,2,0.42857142,1,1,Sandhills,15.63,27.94,732.79,120.4,SandHills
SG2,7,1812,1997,1822,1168,1813,1140,1792,1245,4.35,4.52,1.3,7.19,24.48,0,2,0.42857142,1,1,Sandhills,15.63,27.94,732.79,120.4,SandHills
SG2,8,1812,1997,1849,1077,447,368,1626,551,4.14,3.68,1.47,5.73,25.68,0,2,0.42857142,1,1,Sandhills,15.63,27.94,732.79,120.4,SandHills
SG2,9,1812,1997,1326,682,454,382,297,108,7.45,4.57,0.77,7.11,18.88,0,2,0.42857142,1,1,Sandhills,15.63,27.94,732.79,120.4,SandHills
SG2,10,1812,1997,533,261,1693,917,1823,1030,6.37,5.91,,4.11,32.46,0,2,0.42857142,1,1,Sandhills,15.63,27.94,732.79,120.4,SandHills
SG2,11,1812,1997,1554,1140,1797,1161,1853,1262,7.78,3.12,,6.05,29.12,0,2,0.42857142,1,1,Sandhills,15.63,27.94,732.79,120.4,SandHills
SG2,12,1812,1997,1812,1024,1845,1082,1866,1088,5.7,1.21,4.45,5.82,19.96,0,2,0.42857142,1,1,Sandhills,15.63,27.94,732.79,120.4,SandHills
SG2,13,1812,1997,1142,487,318,258,1872,1156,11.95,3.78,0.95,5.21,29.57,0,2,0.42857142,1,1,Sandhills,15.63,27.94,732.79,120.4,SandHills
SG2,14,1812,1997,774,216,1787,586,1627,1130,4.26,,4.62,3.4,21.67,0,2,0.42857142,1,1,Sandhills,15.63,27.94,732.79,120.4,SandHills
SG2,15,1812,1997,1675,680,1855,1067,1900,1602,9.82,,3.86,4.87,11.29,0,2,0.42857142,1,1,Sandhills,15.63,27.94,732.79,120.4,SandHills
SG2,16,1812,1997,502,147,305,144,675,282,8.91,1.7,0.74,4.28,13.84,0,2,0.42857142,1,1,Sandhills,15.63,27.94,732.79,120.4,SandHills
SG2,17,1812,1997,450,80,222,133,681,308,7.81,,3.05,5.31,18.08,0,2,0.42857142,1,1,Sandhills,15.63,27.94,732.79,120.4,SandHills
SG2,18,1812,1997,384,121,773,684,715,414,11.57,1.03,2.26,7.42,18.83,1,2,0.42857142,1,1,Sandhills,15.63,27.94,732.79,120.4,SandHills
SG2,19,1812,1997,1851,1321,1827,792,1822,680,9.9,2.46,,7.73,35.14,1,2,0.42857142,1,1,Sandhills,15.63,27.94,732.79,120.4,SandHills
SG2,20,1812,1997,207,128,547,258,869,279,4.5,4.11,,8.47,39.66,0,2,0.42857142,1,1,Sandhills,15.63,27.94,732.79,120.4,SandHills
SG2,21,1812,1997,657,269,909,319,791,470,21.88,,,11.88,13.14,0,2,0.42857142,1,1,Sandhills,15.63,27.94,732.79,120.4,SandHills
SG2,22,1812,1997,544,237,1073,353,302,221,12.06,,,13.41,23.5,0,2,0.42857142,1,1,Sandhills,15.63,27.94,732.79,120.4,SandHills
SG2,23,1812,1997,1187,428,1854,461,1122,965,,,4.05,4.54,48.7,0,2,0.42857142,1,1,Sandhills,15.63,27.94,732.79,120.4,SandHills
SG2,24,1812,1997,815,551,1205,1128,1855,699,8.73,1.31,1.43,6.22,35.24,0,2,0.42857142,1,1,Sandhills,15.63,27.94,732.79,120.4,SandHills
SG2,25,1812,1997,1826,776,1892,490,1314,611,9.26,4.27,,8.18,11.34,1,2,0.42857142,1,1,Sandhills,15.63,27.94,732.79,120.4,SandHills
SG3,1,2020,1846,1793,1243,1863,1615,1809,772,3.09,,,1.73,7.54,0,2,0.5,1,1,Sandhills,15.63,27.94,732.79,126.23,SandHills
SG3,2,2020,1846,1823,1332,1862,1019,1871,1642,16.12,1.55,,8.48,6.4,0,2,0.5,1,1,Sandhills,15.63,27.94,732.79,126.23,SandHills
SG3,3,2020,1846,1822,1606,1888,1883,1815,948,2,,,0.51,19.66,0,2,0.5,1,1,Sandhills,15.63,27.94,732.79,126.23,SandHills
SG3,4,2020,1846,1829,1559,1847,1197,1580,1687,4.24,,,0.56,31.16,0,2,0.5,1,1,Sandhills,15.63,27.94,732.79,126.23,SandHills
SG3,5,2020,1846,681,435,599,235,1840,1072,7.34,,,1.68,31.19,0,2,0.5,1,1,Sandhills,15.63,27.94,732.79,126.23,SandHills
SG3,6,2020,1846,1867,1317,1859,1349,1826,1462,16.3,,,3.04,20.79,0,2,0.5,1,1,Sandhills,15.63,27.94,732.79,126.23,SandHills
SG3,7,2020,1846,1886,1279,1848,1090,1887,1268,0.81,2.17,4.25,1.16,19.3,0,2,0.5,1,1,Sandhills,15.63,27.94,732.79,126.23,SandHills
SG3,8,2020,1846,1918,992,1859,1714,1845,749,15.29,2.49,,4.65,13.18,0,2,0.5,1,1,Sandhills,15.63,27.94,732.79,126.23,SandHills
SG3,9,2020,1846,1903,734,1867,783,1852,1200,9.93,7.49,,3.26,8.88,0,2,0.5,1,1,Sandhills,15.63,27.94,732.79,126.23,SandHills
SG3,10,2020,1846,1837,1402,1847,889,1045,361,11.64,1.5,,6.13,5.5,0,2,0.5,1,1,Sandhills,15.63,27.94,732.79,126.23,SandHills
SG3,11,2020,1846,695,438,321,209,332,106,10.07,,,1.7,11.7,0,2,0.5,1,1,Sandhills,15.63,27.94,732.79,126.23,SandHills
SG3,12,2020,1846,1817,683,1876,1453,1868,1175,24.18,,,3.53,4.44,0,2,0.5,1,1,Sandhills,15.63,27.94,732.79,126.23,SandHills
SG3,13,2020,1846,1838,1321,1914,647,1860,1184,2.37,1.38,,0.29,14.98,0,2,0.5,1,1,Sandhills,15.63,27.94,732.79,126.23,SandHills
SG3,14,2020,1846,1853,1176,1925,1210,1881,1260,4.76,,,5.66,30.41,0,2,0.5,1,1,Sandhills,15.63,27.94,732.79,126.23,SandHills
SG3,15,2020,1846,1865,1530,1476,1411,1851,1416,2.8,,,0.39,48.05,1,2,0.5,1,1,Sandhills,15.63,27.94,732.79,126.23,SandHills
SG3,16,2020,1846,1888,1879,1877,1507,1840,1464,1.64,,,0.33,35.92,1,2,0.5,1,1,Sandhills,15.63,27.94,732.79,126.23,SandHills
SG3,17,2020,1846,1908,1523,1885,1540,1775,856,6.14,,,1.94,41.41,0,2,0.5,1,1,Sandhills,15.63,27.94,732.79,126.23,SandHills
SG3,18,2020,1846,1992,693,1946,960,1893,1297,49.38,,,26.83,10.65,0,2,0.5,1,1,Sandhills,15.63,27.94,732.79,126.23,SandHills
SG3,19,2020,1846,1890,396,1910,826,897,788,23.57,2.45,,16.67,5.12,0,2,0.5,1,1,Sandhills,15.63,27.94,732.79,126.23,SandHills
SG3,20,2020,1846,1829,1158,1886,658,1952,437,8.79,3.01,,2.3,19.02,0,2,0.5,1,1,Sandhills,15.63,27.94,732.79,126.23,SandHills
SG3,21,2020,1846,1916,933,1934,961,1982,1625,10.03,,0.14,5.24,15.57,0,2,0.5,1,1,Sandhills,15.63,27.94,732.79,126.23,SandHills
SG3,22,2020,1846,1910,1195,1978,1084,2012,1072,27.53,0.88,0.36,18.6,3.45,0,2,0.5,1,1,Sandhills,15.63,27.94,732.79,126.23,SandHills
SG3,23,2020,1846,1951,1510,1991,1544,1995,1991,1.15,13.91,,8.27,12.34,0,2,0.5,1,1,Sandhills,15.63,27.94,732.79,126.23,SandHills
SG3,24,2020,1846,1899,378,1936,1055,1929,1119,3.65,0.26,1.75,1.29,12.88,0,2,0.5,1,1,Sandhills,15.63,27.94,732.79,126.23,SandHills
SG3,25,2020,1846,1649,1257,1364,1288,1871,1196,6.75,,,4.88,17.71,0,2,0.5,1,1,Sandhills,15.63,27.94,732.79,126.23,SandHills
CFP1,1,1911,1887,1524,631,1787,1278,674,336,4.09,,,1.32,30.09,0,2,0.5,1,0,Sandhills,15.63,27.94,732.79,95.77,SandHills
CFP1,2,1911,1887,969,868,732,471,631,490,42.96,,,21.32,24.47,1,2,0.5,1,0,Sandhills,15.63,27.94,732.79,95.77,SandHills
CFP1,3,1911,1887,404,214,485,369,298,148,19.93,,,11.09,32.63,0,2,0.5,1,0,Sandhills,15.63,27.94,732.79,95.77,SandHills
CFP1,4,1911,1887,1852,764,1900,1246,1884,1498,13.08,,0.43,9.85,33.13,1,2,0.5,1,0,Sandhills,15.63,27.94,732.79,95.77,SandHills
CFP1,5,1911,1887,1801,1037,1832,1064,,,23.49,1.64,,15.3,33.74,0,2,0.5,1,0,Sandhills,15.63,27.94,732.79,95.77,SandHills
CFP1,6,1911,1887,1616,1059,1726,1250,1533,1146,16.43,1.22,,12.33,29.94,0,2,0.5,1,0,Sandhills,15.63,27.94,732.79,95.77,SandHills
CFP1,7,1911,1887,1578,879,1889,1163,1861,1209,6.43,,,4.7,33.99,0,2,0.5,1,0,Sandhills,15.63,27.94,732.79,95.77,SandHills
CFP1,8,1911,1887,972,775,954,768,,,11.05,,1.52,5.64,42.98,1,2,0.5,1,0,Sandhills,15.63,27.94,732.79,95.77,SandHills
CFP1,9,1911,1887,661,508,535,385,439,435,10.36,,,6.08,22.45,0,2,0.5,1,0,Sandhills,15.63,27.94,732.79,95.77,SandHills
CFP1,10,1911,1887,610,320,738,497,611,360,8.67,,,5.29,20.38,1,2,0.5,1,0,Sandhills,15.63,27.94,732.79,95.77,SandHills
CFP1,11,1911,1887,416,220,398,330,647,477,21.16,,,11.64,14.95,0,2,0.5,1,0,Sandhills,15.63,27.94,732.79,95.77,SandHills
CFP1,12,1911,1887,357,244,407,172,801,713,22.61,,,9.2,28.8,0,2,0.5,1,0,Sandhills,15.63,27.94,732.79,95.77,SandHills
CFP1,13,1911,1887,1821,1081,1777,1311,1704,1118,19.99,,0.79,10.05,35.33,1,2,0.5,1,0,Sandhills,15.63,27.94,732.79,95.77,SandHills
CFP1,14,1911,1887,275,44,290,164,272,209,14.52,,,15.78,27.45,0,2,0.5,1,0,Sandhills,15.63,27.94,732.79,95.77,SandHills
CFP1,15,1911,1887,1588,415,1753,1006,1741,1076,18.5,4.86,,14.9,20.31,0,2,0.5,1,0,Sandhills,15.63,27.94,732.79,95.77,SandHills
CFP1,16,1911,1887,1741,1030,1833,1129,1862,864,19.43,2.11,,15.17,18.29,1,2,0.5,1,0,Sandhills,15.63,27.94,732.79,95.77,SandHills
CFP1,17,1911,1887,1765,391,1817,242,,,18.16,1.2,,24.43,16.46,0,2,0.5,1,0,Sandhills,15.63,27.94,732.79,95.77,SandHills
CFP1,18,1911,1887,1834,1213,1825,981,1746,930,15.26,,,5.94,35.09,0,2,0.5,1,0,Sandhills,15.63,27.94,732.79,95.77,SandHills
CFP1,19,1911,1887,1784,1568,1594,1529,1733,1614,6.61,2.27,,8.25,30.15,0,2,0.5,1,0,Sandhills,15.63,27.94,732.79,95.77,SandHills
CFP1,20,1911,1887,1194,488,920,347,1155,494,22.21,,,10.17,14.46,0,2,0.5,1,0,Sandhills,15.63,27.94,732.79,95.77,SandHills
CFP1,21,1911,1887,1519,1188,1786,1169,1573,1335,11.17,,,7.76,23.34,1,2,0.5,1,0,Sandhills,15.63,27.94,732.79,95.77,SandHills
CFP1,22,1911,1887,1793,1485,1727,1263,1791,1604,3.21,2.32,,0.72,31.67,0,2,0.5,1,0,Sandhills,15.63,27.94,732.79,95.77,SandHills
CFP1,23,1911,1887,1719,1400,1788,1613,1819,1427,1.5,6.5,,1.21,41.23,0,2,0.5,1,0,Sandhills,15.63,27.94,732.79,95.77,SandHills
CFP1,24,1911,1887,1434,511,1106,965,1044,764,6.32,4.81,,5.83,30.37,1,2,0.5,1,0,Sandhills,15.63,27.94,732.79,95.77,SandHills
CFP1,25,1911,1887,1704,1145,1688,865,1797,1218,10.87,1.04,0.61,6.24,36.49,0,2,0.5,1,0,Sandhills,15.63,27.94,732.79,95.77,SandHills
CFP2,1,1816,1822,1630,1045,539,273,869,816,18.57,,2.76,18.37,19.25,1,15,0.11764705,1,,Sandhills,15.63,27.94,732.79,119.65,SandHills
CFP2,2,1816,1822,1545,1093,1638,736,1668,1226,10.83,,,8.86,8.85,1,15,0.11764705,1,,Sandhills,15.63,27.94,732.79,119.65,SandHills
CFP2,3,1816,1822,1593,879,539,511,1673,1158,17.56,,,14.88,113.64,0,15,0.11764705,1,,Sandhills,15.63,27.94,732.79,119.65,SandHills
CFP2,4,1816,1822,1661,1172,1026,959,1612,885,5.13,,0.03,1.19,31.51,1,15,0.11764705,1,,Sandhills,15.63,27.94,732.79,119.65,SandHills
CFP2,5,1816,1822,439,368,1677,1401,1648,1016,11.79,0.97,7.34,15.33,5.85,0,15,0.11764705,1,,Sandhills,15.63,27.94,732.79,119.65,SandHills
CFP2,6,1816,1822,1667,750,1638,986,1691,985,17.42,,2.46,13.01,8.34,0,15,0.11764705,1,,Sandhills,15.63,27.94,732.79,119.65,SandHills
CFP2,7,1816,1822,1681,379,1674,682,1716,1308,5.56,0.5,0.72,10.74,15.31,0,15,0.11764705,1,,Sandhills,15.63,27.94,732.79,119.65,SandHills
CFP2,8,1816,1822,1703,1279,1675,1260,1627,1200,1.54,,4.94,3.71,19.9,1,15,0.11764705,1,,Sandhills,15.63,27.94,732.79,119.65,SandHills
CFP2,9,1816,1822,1306,562,915,579,550,199,13.62,,0.74,10.32,23.25,2,15,0.11764705,1,,Sandhills,15.63,27.94,732.79,119.65,SandHills
CFP2,10,1816,1822,1662,1216,1629,822,1667,1058,4.03,3.21,,5.18,18.43,0,15,0.11764705,1,,Sandhills,15.63,27.94,732.79,119.65,SandHills
CFP2,11,1816,1822,1713,748,1738,997,1697,972,12.76,0.97,,12.85,10.98,0,15,0.11764705,1,,Sandhills,15.63,27.94,732.79,119.65,SandHills
CFP2,12,1816,1822,1660,1074,1699,882,1727,538,13.34,,,9.55,19.48,0,15,0.11764705,1,,Sandhills,15.63,27.94,732.79,119.65,SandHills
CFP2,13,1816,1822,1462,399,302,239,577,185,22.69,,1.5,13.48,29.78,1,15,0.11764705,1,,Sandhills,15.63,27.94,732.79,119.65,SandHills
CFP2,14,1816,1822,1321,440,1695,490,990,646,16.53,2.38,,7,32.08,0,15,0.11764705,1,,Sandhills,15.63,27.94,732.79,119.65,SandHills
CFP2,15,1816,1822,567,343,1700,1073,1712,605,9.48,1.12,2.28,5.07,14.29,0,15,0.11764705,1,,Sandhills,15.63,27.94,732.79,119.65,SandHills
CFP2,16,1816,1822,1708,544,1101,726,1679,661,9.22,,6.86,4.29,15.6,0,15,0.11764705,1,,Sandhills,15.63,27.94,732.79,119.65,SandHills
CFP2,17,1816,1822,1689,1114,1719,769,1732,1426,10.54,,,5.84,22.83,1,15,0.11764705,1,,Sandhills,15.63,27.94,732.79,119.65,SandHills
CFP2,18,1816,1822,1760,761,1736,872,1707,805,7.13,0.61,9,10.28,16.68,0,15,0.11764705,1,,Sandhills,15.63,27.94,732.79,119.65,SandHills
CFP2,19,1816,1822,1773,1019,1746,938,1701,1509,8.88,,0.42,8.39,9.37,1,15,0.11764705,1,,Sandhills,15.63,27.94,732.79,119.65,SandHills
CFP2,20,1816,1822,1720,1140,1687,880,1760,905,10.35,,1.11,7.83,4.87,0,15,0.11764705,1,,Sandhills,15.63,27.94,732.79,119.65,SandHills
CFP2,21,1816,1822,740,459,1678,1014,1736,677,9.79,,0.84,8.63,4.95,0,15,0.11764705,1,,Sandhills,15.63,27.94,732.79,119.65,SandHills
CFP2,22,1816,1822,1754,1212,1792,1133,1777,795,18.05,,,14.78,2.35,0,15,0.11764705,1,,Sandhills,15.63,27.94,732.79,119.65,SandHills
CFP2,23,1816,1822,1803,1270,1798,1002,1726,674,18.22,7.76,,15.37,3.6,0,15,0.11764705,1,,Sandhills,15.63,27.94,732.79,119.65,SandHills
CFP2,24,1816,1822,1714,987,1268,382,1775,880,10.56,,,7.01,10.38,0,15,0.11764705,1,,Sandhills,15.63,27.94,732.79,119.65,SandHills
CFP2,25,1816,1822,1760,1068,1794,628,1729,538,25.55,,,18.56,6.81,0,15,0.11764705,1,,Sandhills,15.63,27.94,732.79,119.65,SandHills
CFP3,1,1603,1840,841,438,785,412,420,310,1.02,,,0.45,20,0,1.86,0.57142857,0,1,Sandhills,15.63,27.94,732.79,106.07,SandHills
CFP3,2,1603,1840,691,524,1235,419,744,281,7.43,,0.1,1.08,22.6,0,1.86,0.57142857,0,1,Sandhills,15.63,27.94,732.79,106.07,SandHills
CFP3,3,1603,1840,502,293,1637,1518,1651,691,11.3,,,1.66,18.2,1,1.86,0.57142857,0,1,Sandhills,15.63,27.94,732.79,106.07,SandHills
CFP3,4,1603,1840,457,403,289,251,303,250,11.54,,,1.03,7.62,0,1.86,0.57142857,0,1,Sandhills,15.63,27.94,732.79,106.07,SandHills
CFP3,5,1603,1840,521,324,437,291,511,403,3.86,,,1.8,12.8,1,1.86,0.57142857,0,1,Sandhills,15.63,27.94,732.79,106.07,SandHills
CFP3,6,1603,1840,1378,1173,1024,567,780,734,5.55,,,0.85,10.58,0,1.86,0.57142857,0,1,Sandhills,15.63,27.94,732.79,106.07,SandHills
CFP3,7,1603,1840,1254,892,1544,914,1516,1138,8.38,,,1.53,20.73,0,1.86,0.57142857,0,1,Sandhills,15.63,27.94,732.79,106.07,SandHills
CFP3,8,1603,1840,1296,1094,1368,1281,1096,914,3.31,,,0.13,20.56,0,1.86,0.57142857,0,1,Sandhills,15.63,27.94,732.79,106.07,SandHills
CFP3,9,1603,1840,1556,1168,1528,1115,1454,1280,11.32,,,1.95,11.73,1,1.86,0.57142857,0,1,Sandhills,15.63,27.94,732.79,106.07,SandHills
CFP3,10,1603,1840,779,695,919,832,494,336,14.58,,,2.04,19.5,0,1.86,0.57142857,0,1,Sandhills,15.63,27.94,732.79,106.07,SandHills
CFP3,11,1603,1840,1502,1442,1481,1026,1605,1225,8.69,,,1.91,15.35,1,1.86,0.57142857,0,1,Sandhills,15.63,27.94,732.79,106.07,SandHills
CFP3,12,1603,1840,1600,1329,825,346,449,350,4.17,0.35,,1.6,16.89,1,1.86,0.57142857,0,1,Sandhills,15.63,27.94,732.79,106.07,SandHills
CFP3,13,1603,1840,437,325,577,292,1378,881,6.87,,,0.56,17.89,0,1.86,0.57142857,0,1,Sandhills,15.63,27.94,732.79,106.07,SandHills
CFP3,14,1603,1840,1703,899,1402,1303,1651,1380,10.04,,0.34,0.46,9.2,1,1.86,0.57142857,0,1,Sandhills,15.63,27.94,732.79,106.07,SandHills
CFP3,15,1603,1840,1629,1143,1570,1189,921,428,17.27,,,2.4,15.62,1,1.86,0.57142857,0,1,Sandhills,15.63,27.94,732.79,106.07,SandHills
CFP3,16,1603,1840,1682,1271,1603,1018,,,6.51,,,1.11,18.41,0,1.86,0.57142857,0,1,Sandhills,15.63,27.94,732.79,106.07,SandHills
CFP3,17,1603,1840,367,311,297,231,228,224,,,,,22.9,0,1.86,0.57142857,0,1,Sandhills,15.63,27.94,732.79,106.07,SandHills
CFP3,18,1603,1840,1332,1148,815,507,762,535,7.08,0.34,,0.81,19.56,1,1.86,0.57142857,0,1,Sandhills,15.63,27.94,732.79,106.07,SandHills
CFP3,19,1603,1840,1643,989,1304,762,925,494,20.85,,,3.94,17.88,0,1.86,0.57142857,0,1,Sandhills,15.63,27.94,732.79,106.07,SandHills
CFP3,20,1603,1840,994,585,1726,940,537,438,4.52,,,1.03,20.6,0,1.86,0.57142857,0,1,Sandhills,15.63,27.94,732.79,106.07,SandHills
CFP3,21,1603,1840,786,546,1709,1356,1410,1080,8.31,0.68,,1.47,24.97,1,1.86,0.57142857,0,1,Sandhills,15.63,27.94,732.79,106.07,SandHills
CFP3,22,1603,1840,1738,1486,1485,1216,1617,404,6.72,,,1.45,24.1,1,1.86,0.57142857,0,1,Sandhills,15.63,27.94,732.79,106.07,SandHills
CFP3,23,1603,1840,1371,972,1713,1462,1131,262,9.37,,,1.55,19.48,0,1.86,0.57142857,0,1,Sandhills,15.63,27.94,732.79,106.07,SandHills
CFP3,24,1603,1840,1504,1134,788,303,444,362,6.85,,,1.35,20.4,0,1.86,0.57142857,0,1,Sandhills,15.63,27.94,732.79,106.07,SandHills
CFP3,25,1603,1840,1693,1469,1816,1795,877,602,18.17,,,3.31,13.67,1,1.86,0.57142857,0,1,Sandhills,15.63,27.94,732.79,106.07,SandHills
CACR1,1,1608,1864,1571,824,390,359,894,579,9.78,1.76,,11.1,21.75,0,5,0.23809523,0,1,Sandhills,15.63,27.94,732.79,75.23,SandHills
CACR1,2,1608,1864,1571,1276,363,105,903,240,17.64,3.21,,14.45,27.71,0,5,0.23809523,0,1,Sandhills,15.63,27.94,732.79,75.23,SandHills
CACR1,3,1608,1864,1133,249,853,463,229,138,4.06,4.94,,5,34.32,0,5,0.23809523,0,1,Sandhills,15.63,27.94,732.79,75.23,SandHills
CACR1,4,1608,1864,1017,498,769,444,979,617,10.36,3.04,,2.22,38.72,0,5,0.23809523,0,1,Sandhills,15.63,27.94,732.79,75.23,SandHills
CACR1,5,1608,1864,401,262,751,482,301,217,11.14,10.17,1.51,5.17,39.36,0,5,0.23809523,0,1,Sandhills,15.63,27.94,732.79,75.23,SandHills
CACR1,6,1608,1864,366,159,1174,793,785,647,3.26,7.74,,3,64.83,1,5,0.23809523,0,1,Sandhills,15.63,27.94,732.79,75.23,SandHills
CACR1,7,1608,1864,482,180,1318,1226,1629,1112,11.76,3.37,0.55,7.44,70.01,0,5,0.23809523,0,1,Sandhills,15.63,27.94,732.79,75.23,SandHills
CACR1,8,1608,1864,1449,997,1594,1245,1649,1466,9.02,2.1,1.19,4.72,65.72,0,5,0.23809523,0,1,Sandhills,15.63,27.94,732.79,75.23,SandHills
CACR1,9,1608,1864,1685,725,1657,1048,1609,1321,8.55,1.87,,5.03,46.72,1,5,0.23809523,0,1,Sandhills,15.63,27.94,732.79,75.23,SandHills
CACR1,10,1608,1864,1698,1425,1681,582,1630,1177,3.26,,3.71,0.93,69.03,1,5,0.23809523,0,1,Sandhills,15.63,27.94,732.79,75.23,SandHills
CACR1,11,1608,1864,1041,457,1595,246,1654,789,,,11.82,,90.76,0,5,0.23809523,0,1,Sandhills,15.63,27.94,732.79,75.23,SandHills
CACR1,12,1608,1864,886,690,1472,1265,1683,1064,,1.76,6.87,,54.77,0,5,0.23809523,0,1,Sandhills,15.63,27.94,732.79,75.23,SandHills
CACR1,13,1608,1864,1113,905,342,285,1653,1246,5.95,3.13,,3.8,60.13,1,5,0.23809523,0,1,Sandhills,15.63,27.94,732.79,75.23,SandHills
CACR1,14,1608,1864,1636,989,1698,1229,1636,351,14.25,2.09,1.6,6.52,71.21,0,5,0.23809523,0,1,Sandhills,15.63,27.94,732.79,75.23,SandHills
CACR1,15,1608,1864,1218,696,1033,888,127,107,6.63,1.71,,3.87,78.04,2,5,0.23809523,0,1,Sandhills,15.63,27.94,732.79,75.23,SandHills
CACR1,16,1608,1864,186,97,129,107,538,401,5.67,2.21,1.42,2.01,61.88,0,5,0.23809523,0,1,Sandhills,15.63,27.94,732.79,75.23,SandHills
CACR1,17,1608,1864,1682,1160,886,413,1694,834,6.63,,,1.16,60.57,0,5,0.23809523,0,1,Sandhills,15.63,27.94,732.79,75.23,SandHills
CACR1,18,1608,1864,406,294,485,93,461,111,7.47,2.11,,2.09,49.31,0,5,0.23809523,0,1,Sandhills,15.63,27.94,732.79,75.23,SandHills
CACR1,19,1608,1864,1607,1238,465,435,553,332,,4.41,,,63.04,0,5,0.23809523,0,1,Sandhills,15.63,27.94,732.79,75.23,SandHills
CACR1,20,1608,1864,394,296,408,232,892,309,,,15.21,,110.23,0,5,0.23809523,0,1,Sandhills,15.63,27.94,732.79,75.23,SandHills
CACR1,21,1608,1864,1302,1056,476,141,387,164,14.25,2.39,,2.5,89.4,1,5,0.23809523,0,1,Sandhills,15.63,27.94,732.79,75.23,SandHills
CACR1,22,1608,1864,1668,1006,1669,760,935,416,8.27,5.86,,3.97,90.89,1,5,0.23809523,0,1,Sandhills,15.63,27.94,732.79,75.23,SandHills
CACR1,23,1608,1864,1700,1614,1675,721,1474,802,10.14,1.37,,5.98,48.29,0,5,0.23809523,0,1,Sandhills,15.63,27.94,732.79,75.23,SandHills
CACR1,24,1608,1864,591,194,701,371,208,87,3.66,0.81,,2.16,72.06,1,5,0.23809523,0,1,Sandhills,15.63,27.94,732.79,75.23,SandHills
CACR1,25,1608,1864,1757,531,153,126,266,108,10.45,1.43,8.48,4.97,39.73,0,5,0.23809523,0,1,Sandhills,15.63,27.94,732.79,75.23,SandHills
CACR2,1,1708,1761,475,319,550,376,548,250,13.88,10.05,4.07,1.01,13.99,0,5,0.23809523,0,0,Sandhills,15.63,27.94,732.79,57.68,SandHills
CACR2,2,1708,1761,269,120,211,179,1431,538,15.55,4.59,,0.91,22.05,0,5,0.23809523,0,0,Sandhills,15.63,27.94,732.79,57.68,SandHills
CACR2,3,1708,1761,337,265,646,208,707,590,9.51,,3.5,0.32,46.44,1,5,0.23809523,0,0,Sandhills,15.63,27.94,732.79,57.68,SandHills
CACR2,4,1708,1761,1049,622,1483,924,830,526,14.19,0.35,5.1,0.83,29.01,1,5,0.23809523,0,0,Sandhills,15.63,27.94,732.79,57.68,SandHills
CACR2,5,1708,1761,1167,746,692,639,283,175,4.42,2.26,5.93,0.4,23.33,0,5,0.23809523,0,0,Sandhills,15.63,27.94,732.79,57.68,SandHills
CACR2,6,1708,1761,1472,1271,542,440,987,741,,0.83,,,37.74,0,5,0.23809523,0,0,Sandhills,15.63,27.94,732.79,57.68,SandHills
CACR2,7,1708,1761,402,140,554,283,351,295,3.07,,4.45,,40.67,0,5,0.23809523,0,0,Sandhills,15.63,27.94,732.79,57.68,SandHills
CACR2,8,1708,1761,1571,782,1025,981,1595,1330,8.78,1.98,,0.31,31.42,0,5,0.23809523,0,0,Sandhills,15.63,27.94,732.79,57.68,SandHills
CACR2,9,1708,1761,986,699,745,113,492,338,11.65,8.12,0.61,1.43,29.18,0,5,0.23809523,0,0,Sandhills,15.63,27.94,732.79,57.68,SandHills
CACR2,10,1708,1761,313,266,1524,928,630,380,6.77,7.06,,1..65,15.46,0,5,0.23809523,0,0,Sandhills,15.63,27.94,732.79,57.68,SandHills
CACR2,11,1708,1761,1566,1058,1600,1080,1162,574,14.95,4.22,19.45,1.75,10.6,0,5,0.23809523,0,0,Sandhills,15.63,27.94,732.79,57.68,SandHills
CACR2,12,1708,1761,1638,1276,1603,831,1551,737,22.4,,1.22,2.08,20.78,0,5,0.23809523,0,0,Sandhills,15.63,27.94,732.79,57.68,SandHills
CACR2,13,1708,1761,1183,801,1545,354,309,141,18.3,1.64,,0.62,44.9,1,5,0.23809523,0,0,Sandhills,15.63,27.94,732.79,57.68,SandHills
CACR2,14,1708,1761,1083,1005,1594,1273,597,233,,2.82,3.53,,44.49,0,5,0.23809523,0,0,Sandhills,15.63,27.94,732.79,57.68,SandHills
CACR2,15,1708,1761,875,446,511,288,275,259,,2.68,,,40.27,2,5,0.23809523,0,0,Sandhills,15.63,27.94,732.79,57.68,SandHills
CACR2,16,1708,1761,512,389,416,387,1583,629,11.06,,,2.48,46.49,0,5,0.23809523,0,0,Sandhills,15.63,27.94,732.79,57.68,SandHills
CACR2,17,1708,1761,587,365,345,199,319,170,11.35,,,0.99,33.61,0,5,0.23809523,0,0,Sandhills,15.63,27.94,732.79,57.68,SandHills
CACR2,18,1708,1761,185,132,308,291,476,176,14.8,,,1.28,20.83,1,5,0.23809523,0,0,Sandhills,15.63,27.94,732.79,57.68,SandHills
CACR2,19,1708,1761,420,387,961,696,459,239,9.18,2.02,,1.32,23.07,0,5,0.23809523,0,0,Sandhills,15.63,27.94,732.79,57.68,SandHills
CACR2,20,1708,1761,413,268,364,262,513,356,4.45,5.65,4.19,0.36,15.5,0,5,0.23809523,0,0,Sandhills,15.63,27.94,732.79,57.68,SandHills
CACR2,21,1708,1761,576,405,649,523,524,101,2.7,2.52,1.65,0.37,26.11,0,5,0.23809523,0,0,Sandhills,15.63,27.94,732.79,57.68,SandHills
CACR2,22,1708,1761,1627,1272,1655,1477,268,161,17.53,6.72,,1.01,30.74,1,5,0.23809523,0,0,Sandhills,15.63,27.94,732.79,57.68,SandHills
CACR2,23,1708,1761,1670,1166,1674,1251,1608,824,5.87,5.72,3.75,0.33,14.64,0,5,0.23809523,0,0,Sandhills,15.63,27.94,732.79,57.68,SandHills
CACR2,24,1708,1761,615,408,292,525,307,223,6.37,0.71,7.09,0.87,12.12,0,5,0.23809523,0,0,Sandhills,15.63,27.94,732.79,57.68,SandHills
CACR2,25,1708,1761,372,334,207,178,932,866,6.44,1.17,3.67,3.11,7.55,0,5,0.23809523,0,0,Sandhills,15.63,27.94,732.79,57.68,SandHills
CACR3,1,1784,1904,936,561,1669,1125,1200,496,,4.79,4.78,,21.93,0,5,0.23809523,0,1,Sandhills,15.63,27.94,732.79,58.91,SandHills
CACR3,2,1784,1904,458,311,802,739,622,348,3.64,4.86,,0.42,14.27,0,5,0.23809523,0,1,Sandhills,15.63,27.94,732.79,58.91,SandHills
CACR3,3,1784,1904,328,149,625,260,912,367,4.5,2.18,,0.12,6.9,1,5,0.23809523,0,1,Sandhills,15.63,27.94,732.79,58.91,SandHills
CACR3,4,1784,1904,771,367,1109,626,543,334,18.69,3.91,,0.51,11.2,0,5,0.23809523,0,1,Sandhills,15.63,27.94,732.79,58.91,SandHills
CACR3,5,1784,1904,1702,1660,1680,1110,1699,1309,,3.51,,0.01,13.71,0,5,0.23809523,0,1,Sandhills,15.63,27.94,732.79,58.91,SandHills
CACR3,6,1784,1904,1704,1338,1338,648,1690,1137,1.33,7.29,,0.79,15.54,1,5,0.23809523,0,1,Sandhills,15.63,27.94,732.79,58.91,SandHills
CACR3,7,1784,1904,1340,541,1482,948,1020,210,17.12,4.26,,2.08,7.47,1,5,0.23809523,0,1,Sandhills,15.63,27.94,732.79,58.91,SandHills
CACR3,8,1784,1904,837,682,1542,1177,656,393,18.92,3.48,,0.57,19.25,0,5,0.23809523,0,1,Sandhills,15.63,27.94,732.79,58.91,SandHills
CACR3,9,1784,1904,544,338,367,202,585,361,,1.84,,,18.09,0,5,0.23809523,0,1,Sandhills,15.63,27.94,732.79,58.91,SandHills
CACR3,10,1784,1904,771,657,719,318,367,306,,3.65,4.54,,21.09,1,5,0.23809523,0,1,Sandhills,15.63,27.94,732.79,58.91,SandHills
CACR3,11,1784,1904,1245,982,722,403,951,482,19.21,5.66,1.51,1.76,42.59,0,5,0.23809523,0,1,Sandhills,15.63,27.94,732.79,58.91,SandHills
CACR3,12,1784,1904,469,300,749,452,820,748,,7.41,5.15,,22.18,0,5,0.23809523,0,1,Sandhills,15.63,27.94,732.79,58.91,SandHills
CACR3,13,1784,1904,430,380,593,381,1674,1077,9.71,1.03,,0.64,23.77,1,5,0.23809523,0,1,Sandhills,15.63,27.94,732.79,58.91,SandHills
CACR3,14,1784,1904,1621,667,306,249,276,223,0.96,,,0.07,9.53,0,5,0.23809523,0,1,Sandhills,15.63,27.94,732.79,58.91,SandHills
CACR3,15,1784,1904,1713,1614,1374,1093,1700,1540,11.89,7.69,3.38,0.8,7.97,1,5,0.23809523,0,1,Sandhills,15.63,27.94,732.79,58.91,SandHills
CACR3,16,1784,1904,1753,1628,1285,963,268,199,20.92,,,1.57,6.33,0,5,0.23809523,0,1,Sandhills,15.63,27.94,732.79,58.91,SandHills
CACR3,17,1784,1904,1592,1053,1768,1316,1617,403,1.45,,,,8.71,0,5,0.23809523,0,1,Sandhills,15.63,27.94,732.79,58.91,SandHills
CACR3,18,1784,1904,330,215,382,250,321,212,15.56,2.67,,1.65,5.72,0,5,0.23809523,0,1,Sandhills,15.63,27.94,732.79,58.91,SandHills
CACR3,19,1784,1904,423,316,1756,854,765,602,,2.53,,,9.01,1,5,0.23809523,0,1,Sandhills,15.63,27.94,732.79,58.91,SandHills
CACR3,20,1784,1904,865,510,1771,789,1701,868,20.26,13.49,,1.53,12.75,1,5,0.23809523,0,1,Sandhills,15.63,27.94,732.79,58.91,SandHills
CACR3,21,1784,1904,727,344,378,292,1602,324,9.9,3.9,,1.28,3.98,0,5,0.23809523,0,1,Sandhills,15.63,27.94,732.79,58.91,SandHills
CACR3,22,1784,1904,1835,1253,1705,1330,1588,1381,15.09,2.73,,0.89,7.11,0,5,0.23809523,0,1,Sandhills,15.63,27.94,732.79,58.91,SandHills
CACR3,23,1784,1904,426,261,1724,1169,1704,992,6.21,1.45,,0.86,5.12,0,5,0.23809523,0,1,Sandhills,15.63,27.94,732.79,58.91,SandHills
CACR3,24,1784,1904,1760,826,1792,1552,1773,1516,32.53,,,2.61,6.76,0,5,0.23809523,0,1,Sandhills,15.63,27.94,732.79,58.91,SandHills
CACR3,25,1784,1904,1754,1402,1701,968,1410,467,33.03,,,2.98,9.18,1,5,0.23809523,0,1,Sandhills,15.63,27.94,732.79,58.91,SandHills
WEWO,1,1864,1670,1691,1217,1372,937,520,253,,2,,,72.96,1,2.5,0.4090909,1,1,Sandhills,15.63,27.94,732.79,130.75,SandHills
WEWO,2,1864,1670,1742,1616,1839,1760,1801,1580,4.62,2.49,,4.45,48.62,1,2.5,0.4090909,1,1,Sandhills,15.63,27.94,732.79,130.75,SandHills
WEWO,3,1864,1670,1869,1458,1066,328,1876,1308,6.44,,0.49,6.31,35.31,0,2.5,0.4090909,1,1,Sandhills,15.63,27.94,732.79,130.75,SandHills
WEWO,4,1864,1670,498,146,175,148,574,241,8.24,5.95,,10.42,24.67,0,2.5,0.4090909,1,1,Sandhills,15.63,27.94,732.79,130.75,SandHills
WEWO,5,1864,1670,779,419,451,329,1140,1003,8.72,5.94,,8.51,25.38,0,2.5,0.4090909,1,1,Sandhills,15.63,27.94,732.79,130.75,SandHills
WEWO,6,1864,1670,1892,1577,1950,1324,1923,1711,8.5,0.51,0.37,7.72,26.46,0,2.5,0.4090909,1,1,Sandhills,15.63,27.94,732.79,130.75,SandHills
WEWO,7,1864,1670,1979,1234,1924,1788,1802,1634,5.34,6.71,2.23,5.71,18.92,0,2.5,0.4090909,1,1,Sandhills,15.63,27.94,732.79,130.75,SandHills
WEWO,8,1864,1670,1843,1808,1966,1738,1965,1648,8.59,,,6.84,55.57,0,2.5,0.4090909,1,1,Sandhills,15.63,27.94,732.79,130.75,SandHills
WEWO,9,1864,1670,1880,1656,1983,1914,,,,4.03,,,77.09,1,2.5,0.4090909,1,1,Sandhills,15.63,27.94,732.79,130.75,SandHills
WEWO,10,1864,1670,375,211,315,204,275,225,,0.48,,,70.18,3,2.5,0.4090909,1,1,Sandhills,15.63,27.94,732.79,130.75,SandHills
WEWO,11,1864,1670,1952,1832,701,606,1463,1157,1.01,,,1.21,59.19,0,2.5,0.4090909,1,1,Sandhills,15.63,27.94,732.79,130.75,SandHills
WEWO,12,1864,1670,1472,1427,1851,1809,1819,1790,,0.23,,,68.31,1,2.5,0.4090909,1,1,Sandhills,15.63,27.94,732.79,130.75,SandHills
WEWO,13,1864,1670,1852,1830,1918,1663,1840,1590,,3.13,,,71.43,3,2.5,0.4090909,1,1,Sandhills,15.63,27.94,732.79,130.75,SandHills
WEWO,14,1864,1670,1925,1715,1809,1573,796,574,6.78,7.59,,3.29,30.2,0,2.5,0.4090909,1,1,Sandhills,15.63,27.94,732.79,130.75,SandHills
WEWO,15,1864,1670,1906,735,1947,1882,1816,1541,8.21,0.4,,5.96,50.52,0,2.5,0.4090909,1,1,Sandhills,15.63,27.94,732.79,130.75,SandHills
WEWO,16,1864,1670,1404,1154,420,242,450,260,,3.75,,,65.78,2,2.5,0.4090909,1,1,Sandhills,15.63,27.94,732.79,130.75,SandHills
WEWO,17,1864,1670,704,505,940,871,538,500,,15.38,,,61.76,2,2.5,0.4090909,1,1,Sandhills,15.63,27.94,732.79,130.75,SandHills
WEWO,18,1864,1670,229,213,379,192,207,169,,7.57,,,70.01,2,2.5,0.4090909,1,1,Sandhills,15.63,27.94,732.79,130.75,SandHills
WEWO,19,1864,1670,331,255,472,396,650,505,,5.86,,,49.79,1,2.5,0.4090909,1,1,Sandhills,15.63,27.94,732.79,130.75,SandHills
WEWO,20,1864,1670,1055,970,1734,1147,895,646,,,,,61.72,0,2.5,0.4090909,1,1,Sandhills,15.63,27.94,732.79,130.75,SandHills
WEWO,21,1864,1670,1230,1035,1437,1272,1289,482,,1.51,,,51.25,0,2.5,0.4090909,1,1,Sandhills,15.63,27.94,732.79,130.75,SandHills
WEWO,22,1864,1670,1058,973,1295,1094,501,440,,9.03,,,64.37,0,2.5,0.4090909,1,1,Sandhills,15.63,27.94,732.79,130.75,SandHills
WEWO,23,1864,1670,1809,1783,1882,1692,1788,1694,0.43,1.06,,2.91,55.87,2,2.5,0.4090909,1,1,Sandhills,15.63,27.94,732.79,130.75,SandHills
WEWO,24,1864,1670,330,318,370,356,460,442,,1.99,,,79.36,2,2.5,0.4090909,1,1,Sandhills,15.63,27.94,732.79,130.75,SandHills
WEWO,25,1864,1670,439,192,709,459,280,144,,3.81,,,84.59,0,2.5,0.4090909,1,1,Sandhills,15.63,27.94,732.79,130.75,SandHills
BLSF1,1,1717,1991,1330,1084,1672,1546,1659,1312,,1.62,,,48.23,0,3,0.4,6,1,InnerCoastalPlain,15.48,28.09,808.23,27.24,CarolinaFlatwoods
BLSF1,2,1717,1991,544,230,612,429,282,199,0.99,7.88,,3.13,35.47,1,3,0.4,6,1,InnerCoastalPlain,15.48,28.09,808.23,27.24,CarolinaFlatwoods
BLSF1,3,1717,1991,303,171,817,246,1348,637,1.49,4.52,0.3,1.15,62.81,0,3,0.4,6,1,InnerCoastalPlain,15.48,28.09,808.23,27.24,CarolinaFlatwoods
BLSF1,4,1717,1991,1716,1715,1276,902,920,520,2.32,7.95,0.15,3.65,37.34,0,3,0.4,6,1,InnerCoastalPlain,15.48,28.09,808.23,27.24,CarolinaFlatwoods
BLSF1,5,1717,1991,1276,409,816,577,1740,1172,3.76,0.8,0.05,11.21,20.98,0,3,0.4,6,1,InnerCoastalPlain,15.48,28.09,808.23,27.24,CarolinaFlatwoods
BLSF1,6,1717,1991,1745,1560,1808,1784,381,287,5.75,,,7.46,67.17,0,3,0.4,6,1,InnerCoastalPlain,15.48,28.09,808.23,27.24,CarolinaFlatwoods
BLSF1,7,1717,1991,1856,1761,1778,1205,1783,1647,3.45,,,4.68,67.82,1,3,0.4,6,1,InnerCoastalPlain,15.48,28.09,808.23,27.24,CarolinaFlatwoods
BLSF1,8,1717,1991,1013,583,533,307,1841,771,0.58,0.47,0.33,1.13,48.4,0,3,0.4,6,1,InnerCoastalPlain,15.48,28.09,808.23,27.24,CarolinaFlatwoods
BLSF1,9,1717,1991,1480,1074,1804,1674,1065,687,5.53,8.97,,7.35,34.46,0,3,0.4,6,1,InnerCoastalPlain,15.48,28.09,808.23,27.24,CarolinaFlatwoods
BLSF1,10,1717,1991,364,226,363,265,1129,807,0.54,7.55,,2.06,26.45,0,3,0.4,6,1,InnerCoastalPlain,15.48,28.09,808.23,27.24,CarolinaFlatwoods
BLSF1,11,1717,1991,1825,1814,1815,1814,427,364,5.85,0.26,0.36,1.15,31.63,0,3,0.4,6,1,InnerCoastalPlain,15.48,28.09,808.23,27.24,CarolinaFlatwoods
BLSF1,12,1717,1991,1856,1744,1867,1467,1842,1292,2.23,3.38,0.47,1.74,33.22,1,3,0.4,6,1,InnerCoastalPlain,15.48,28.09,808.23,27.24,CarolinaFlatwoods
BLSF1,13,1717,1991,1904,1823,1622,1406,1849,1726,6.86,6.51,0.4,12.23,33.94,0,3,0.4,6,1,InnerCoastalPlain,15.48,28.09,808.23,27.24,CarolinaFlatwoods
BLSF1,14,1717,1991,550,317,1355,137,1034,953,7.65,,,5.24,33.58,0,3,0.4,6,1,InnerCoastalPlain,15.48,28.09,808.23,27.24,CarolinaFlatwoods
BLSF1,15,1717,1991,1902,1483,1850,514,1822,1811,5.89,,,5.42,24.94,0,3,0.4,6,1,InnerCoastalPlain,15.48,28.09,808.23,27.24,CarolinaFlatwoods
BLSF1,16,1717,1991,1928,1200,1851,1270,960,957,5.23,,3.18,7.23,39.44,0,3,0.4,6,1,InnerCoastalPlain,15.48,28.09,808.23,27.24,CarolinaFlatwoods
BLSF1,17,1717,1991,1950,1334,1894,1800,1899,1704,10.02,,1.76,9.27,27.18,1,3,0.4,6,1,InnerCoastalPlain,15.48,28.09,808.23,27.24,CarolinaFlatwoods
BLSF1,18,1717,1991,1919,1568,1902,1768,1922,1788,4.31,2.95,,3.09,16.88,0,3,0.4,6,1,InnerCoastalPlain,15.48,28.09,808.23,27.24,CarolinaFlatwoods
BLSF1,19,1717,1991,1942,1939,1929,1896,1828,1709,,3.97,,0.41,23.33,1,3,0.4,6,1,InnerCoastalPlain,15.48,28.09,808.23,27.24,CarolinaFlatwoods
BLSF1,20,1717,1991,1960,1727,1932,1892,1902,1872,0.51,,0.9,1.24,17.4,0,3,0.4,6,1,InnerCoastalPlain,15.48,28.09,808.23,27.24,CarolinaFlatwoods
BLSF1,21,1717,1991,1962,1925,1947,1757,1908,1577,2.97,,1.08,2.65,15.98,0,3,0.4,6,1,InnerCoastalPlain,15.48,28.09,808.23,27.24,CarolinaFlatwoods
BLSF1,22,1717,1991,1930,1802,1907,949,1930,1545,,7.5,,0.77,12.66,0,3,0.4,6,1,InnerCoastalPlain,15.48,28.09,808.23,27.24,CarolinaFlatwoods
BLSF1,23,1717,1991,1970,1583,1950,1048,1920,1775,1.63,2.82,0.83,7.48,9.27,0,3,0.4,6,1,InnerCoastalPlain,15.48,28.09,808.23,27.24,CarolinaFlatwoods
BLSF1,24,1717,1991,1960,1652,1911,1418,512,425,2.02,7.17,0.44,1.72,25.21,0,3,0.4,6,1,InnerCoastalPlain,15.48,28.09,808.23,27.24,CarolinaFlatwoods
BLSF1,25,1717,1991,1938,1392,1888,1437,1896,1787,,2.65,,,21.6,0,3,0.4,6,1,InnerCoastalPlain,15.48,28.09,808.23,27.24,CarolinaFlatwoods
BLSF2,1,1805,1643,1516,1211,1511,1326,1555,1195,2.98,1.62,,5.13,38.42,1,4.5,0.3,4,1,InnerCoastalPlain,15.48,28.09,808.23,27.5,CarolinaFlatwoods
BLSF2,2,1805,1643,1525,1247,1484,1109,686,376,4.58,,,8.84,13.26,0,4.5,0.3,4,1,InnerCoastalPlain,15.48,28.09,808.23,27.5,CarolinaFlatwoods
BLSF2,3,1805,1643,728,620,867,796,1295,695,1.65,7.81,,0.13,29.63,0,4.5,0.3,4,1,InnerCoastalPlain,15.48,28.09,808.23,27.5,CarolinaFlatwoods
BLSF2,4,1805,1643,1469,1250,1589,1198,1578,427,3.84,0.4,,8.95,41.12,1,4.5,0.3,4,1,InnerCoastalPlain,15.48,28.09,808.23,27.5,CarolinaFlatwoods
BLSF2,5,1805,1643,1048,409,1609,1450,1608,1072,3.04,3.34,,0.61,42.53,0,4.5,0.3,4,1,InnerCoastalPlain,15.48,28.09,808.23,27.5,CarolinaFlatwoods
BLSF2,6,1805,1643,691,465,419,393,743,599,0.48,12.78,1.14,2.19,22.38,0,4.5,0.3,4,1,InnerCoastalPlain,15.48,28.09,808.23,27.5,CarolinaFlatwoods
BLSF2,7,1805,1643,856,532,1495,1469,1593,1322,,7.46,,1.28,29.41,0,4.5,0.3,4,1,InnerCoastalPlain,15.48,28.09,808.23,27.5,CarolinaFlatwoods
BLSF2,8,1805,1643,1625,1287,1653,1428,1616,1447,1.68,5.8,,1.46,28.39,1,4.5,0.3,4,1,InnerCoastalPlain,15.48,28.09,808.23,27.5,CarolinaFlatwoods
BLSF2,9,1805,1643,1353,978,577,550,1590,1449,2.63,6.27,,0.6,33.26,0,4.5,0.3,4,1,InnerCoastalPlain,15.48,28.09,808.23,27.5,CarolinaFlatwoods
BLSF2,10,1805,1643,1642,1368,1674,1515,1657,1070,4.75,1.56,,3.69,14.1,0,4.5,0.3,4,1,InnerCoastalPlain,15.48,28.09,808.23,27.5,CarolinaFlatwoods
BLSF2,11,1805,1643,1683,1335,1684,1093,1682,1451,4.4,4.26,,3.91,21.46,0,4.5,0.3,4,1,InnerCoastalPlain,15.48,28.09,808.23,27.5,CarolinaFlatwoods
BLSF2,12,1805,1643,1707,1471,1704,1380,1694,1188,4.38,6.59,5.52,7.17,34.24,1,4.5,0.3,4,1,InnerCoastalPlain,15.48,28.09,808.23,27.5,CarolinaFlatwoods
BLSF2,13,1805,1643,1664,1610,924,757,555,517,,2.94,,0.83,25.75,1,4.5,0.3,4,1,InnerCoastalPlain,15.48,28.09,808.23,27.5,CarolinaFlatwoods
BLSF2,14,1805,1643,812,600,537,441,1164,837,,3.81,,1.23,30.67,1,4.5,0.3,4,1,InnerCoastalPlain,15.48,28.09,808.23,27.5,CarolinaFlatwoods
BLSF2,15,1805,1643,1647,1580,1191,1022,1632,1586,,12.23,,0.48,35.96,0,4.5,0.3,4,1,InnerCoastalPlain,15.48,28.09,808.23,27.5,CarolinaFlatwoods
BLSF2,16,1805,1643,1645,1190,1053,792,1659,1297,,8.4,,0.94,28.1,0,4.5,0.3,4,1,InnerCoastalPlain,15.48,28.09,808.23,27.5,CarolinaFlatwoods
BLSF2,17,1805,1643,1616,509,594,531,542,452,1.69,7.95,0.57,0.65,23.02,0,4.5,0.3,4,1,InnerCoastalPlain,15.48,28.09,808.23,27.5,CarolinaFlatwoods
BLSF2,18,1805,1643,600,499,1634,1345,784,403,,3.78,,1.69,46.33,0,4.5,0.3,4,1,InnerCoastalPlain,15.48,28.09,808.23,27.5,CarolinaFlatwoods
BLSF2,19,1805,1643,1680,1376,1791,1536,1669,1495,,2.31,,0.89,13.16,0,4.5,0.3,4,1,InnerCoastalPlain,15.48,28.09,808.23,27.5,CarolinaFlatwoods
BLSF2,20,1805,1643,1805,1650,1796,1308,844,618,4.2,,1.54,14.64,14.18,0,4.5,0.3,4,1,InnerCoastalPlain,15.48,28.09,808.23,27.5,CarolinaFlatwoods
BLSF2,21,1805,1643,1806,1657,1813,1515,1792,1710,5.16,1.08,,38.77,14.56,0,4.5,0.3,4,1,InnerCoastalPlain,15.48,28.09,808.23,27.5,CarolinaFlatwoods
BLSF2,22,1805,1643,1768,1646,1799,1099,1795,1783,,1.97,,0.25,11.89,0,4.5,0.3,4,1,InnerCoastalPlain,15.48,28.09,808.23,27.5,CarolinaFlatwoods
BLSF2,23,1805,1643,1760,1328,1755,1648,1800,1653,5.78,,,1.8,33.28,1,4.5,0.3,4,1,InnerCoastalPlain,15.48,28.09,808.23,27.5,CarolinaFlatwoods
BLSF2,24,1805,1643,921,673,1776,1578,1764,1463,,1.15,,1.07,37.82,0,4.5,0.3,4,1,InnerCoastalPlain,15.48,28.09,808.23,27.5,CarolinaFlatwoods
BLSF2,25,1805,1643,1772,1543,1761,1431,1784,1669,,0.88,,3.35,43.93,1,4.5,0.3,4,1,InnerCoastalPlain,15.48,28.09,808.23,27.5,CarolinaFlatwoods
CNF1,1,1674,1702,1395,464,587,324,477,146,19.02,0.97,0.83,14.45,35.63,0,3.33333333,0.27272727,1,0,OuterCoastalPlain,15.95,28.26,905.76,11.37,CarolinaFlatwoods
CNF1,2,1674,1702,520,419,1204,495,396,374,11.71,1.39,0.39,6,10.76,0,3.33333333,0.27272727,1,0,OuterCoastalPlain,15.95,28.26,905.76,11.37,CarolinaFlatwoods
CNF1,3,1674,1702,349,140,390,178,173,40,12.84,5.26,1.1,8.15,21.21,0,3.33333333,0.27272727,1,0,OuterCoastalPlain,15.95,28.26,905.76,11.37,CarolinaFlatwoods
CNF1,4,1674,1702,1417,451,1500,457,1478,949,16.52,5.21,,21.55,49.8,0,3.33333333,0.27272727,1,0,OuterCoastalPlain,15.95,28.26,905.76,11.37,CarolinaFlatwoods
CNF1,5,1674,1702,1524,1119,1599,1057,1476,588,6.13,1.68,0.5,9.94,34.22,0,3.33333333,0.27272727,1,0,OuterCoastalPlain,15.95,28.26,905.76,11.37,CarolinaFlatwoods
CNF1,6,1674,1702,1562,928,1586,632,1512,366,6.15,13.59,2.67,4.84,22.37,0,3.33333333,0.27272727,1,0,OuterCoastalPlain,15.95,28.26,905.76,11.37,CarolinaFlatwoods
CNF1,7,1674,1702,1583,588,1541,887,1528,600,18.34,5.1,,17.9,14.3,0,3.33333333,0.27272727,1,0,OuterCoastalPlain,15.95,28.26,905.76,11.37,CarolinaFlatwoods
CNF1,8,1674,1702,1588,937,1576,499,1513,506,10.17,6.46,0.88,12.22,13.68,0,3.33333333,0.27272727,1,0,OuterCoastalPlain,15.95,28.26,905.76,11.37,CarolinaFlatwoods
CNF1,9,1674,1702,163,114,263,135,481,139,15.59,3.62,,4.95,8.68,0,3.33333333,0.27272727,1,0,OuterCoastalPlain,15.95,28.26,905.76,11.37,CarolinaFlatwoods
CNF1,10,1674,1702,1563,342,1503,404,776,523,,,,,,0,3.33333333,0.27272727,1,0,OuterCoastalPlain,15.95,28.26,905.76,11.37,CarolinaFlatwoods
CNF1,11,1674,1702,1510,449,1590,314,1577,376,17.63,6.44,1.33,19.02,6.65,0,3.33333333,0.27272727,1,0,OuterCoastalPlain,15.95,28.26,905.76,11.37,CarolinaFlatwoods
CNF1,12,1674,1702,1516,749,1589,723,1590,903,13.57,2.32,0.62,12.46,13.74,0,3.33333333,0.27272727,1,0,OuterCoastalPlain,15.95,28.26,905.76,11.37,CarolinaFlatwoods
CNF1,13,1674,1702,1517,504,1579,230,1598,647,16.7,2.14,,16.11,21.23,0,3.33333333,0.27272727,1,0,OuterCoastalPlain,15.95,28.26,905.76,11.37,CarolinaFlatwoods
CNF1,14,1674,1702,1530,460,1604,539,1577,443,17.03,16.05,0.09,13.81,18.67,0,3.33333333,0.27272727,1,0,OuterCoastalPlain,15.95,28.26,905.76,11.37,CarolinaFlatwoods
CNF1,15,1674,1702,1522,576,1592,603,1566,779,28.34,6.97,0.11,23.75,11.09,0,3.33333333,0.27272727,1,0,OuterCoastalPlain,15.95,28.26,905.76,11.37,CarolinaFlatwoods
CNF1,16,1674,1702,1569,941,747,495,939,147,7.55,6.17,,11.07,21.29,0,3.33333333,0.27272727,1,0,OuterCoastalPlain,15.95,28.26,905.76,11.37,CarolinaFlatwoods
CNF1,17,1674,1702,553,119,510,241,455,299,17.69,2.1,,15.76,15.99,1,3.33333333,0.27272727,1,0,OuterCoastalPlain,15.95,28.26,905.76,11.37,CarolinaFlatwoods
CNF1,18,1674,1702,1584,573,1506,735,1552,1294,,,,,,1,3.33333333,0.27272727,1,0,OuterCoastalPlain,15.95,28.26,905.76,11.37,CarolinaFlatwoods
CNF1,19,1674,1702,1597,524,1565,379,1519,748,17.91,4.11,0.86,17.31,12.78,0,3.33333333,0.27272727,1,0,OuterCoastalPlain,15.95,28.26,905.76,11.37,CarolinaFlatwoods
CNF1,20,1674,1702,1609,695,1524,686,1582,572,,,,,,0,3.33333333,0.27272727,1,0,OuterCoastalPlain,15.95,28.26,905.76,11.37,CarolinaFlatwoods
CNF1,21,1674,1702,1519,600,1624,614,1638,588,13.16,0.6,0.43,11.36,17.15,1,3.33333333,0.27272727,1,0,OuterCoastalPlain,15.95,28.26,905.76,11.37,CarolinaFlatwoods
CNF1,22,1674,1702,1591,789,1636,930,1644,519,11.35,5.58,0.2,15.99,18.93,0,3.33333333,0.27272727,1,0,OuterCoastalPlain,15.95,28.26,905.76,11.37,CarolinaFlatwoods
CNF1,23,1674,1702,1553,804,1641,861,1632,898,9.44,5.63,0.13,10.6,19.2,0,3.33333333,0.27272727,1,0,OuterCoastalPlain,15.95,28.26,905.76,11.37,CarolinaFlatwoods
CNF1,24,1674,1702,814,128,574,565,236,225,,,,,,1,3.33333333,0.27272727,1,0,OuterCoastalPlain,15.95,28.26,905.76,11.37,CarolinaFlatwoods
CNF1,25,1674,1702,293,191,139,40,200,69,10.44,1.74,0.48,18.26,19.54,0,3.33333333,0.27272727,1,0,OuterCoastalPlain,15.95,28.26,905.76,11.37,CarolinaFlatwoods
CNF2,1,1856,1980,722,466,469,287,1239,601,24.48,6.3,6.01,5.18,38.84,1,2.4,0.44,0,0,OuterCoastalPlain,15.95,28.26,905.76,11.37,CarolinaFlatwoods
CNF2,2,1856,1980,327,199,578,290,901,227,4.7,3.2,0.83,2.74,27.24,2,2.4,0.44,0,0,OuterCoastalPlain,15.95,28.26,905.76,10.51,CarolinaFlatwoods
CNF2,3,1856,1980,927,616,1809,1744,1227,881,2.81,0.18,7.83,0.23,9.31,1,2.4,0.44,0,0,OuterCoastalPlain,15.95,28.26,905.76,10.51,CarolinaFlatwoods
CNF2,4,1856,1980,1839,1405,1805,1660,1815,1497,8.2,1.62,1.99,1.9,8.71,0,2.4,0.44,0,0,OuterCoastalPlain,15.95,28.26,905.76,10.51,CarolinaFlatwoods
CNF2,5,1856,1980,1859,1523,1865,1336,1897,1407,7.71,2.77,,1.25,13.53,0,2.4,0.44,0,0,OuterCoastalPlain,15.95,28.26,905.76,10.51,CarolinaFlatwoods
CNF2,6,1856,1980,1811,1234,1890,1297,1879,1214,11.72,,1.39,2.76,20.93,3,2.4,0.44,0,0,OuterCoastalPlain,15.95,28.26,905.76,10.51,CarolinaFlatwoods
CNF2,7,1856,1980,1910,1508,1832,1408,1861,1677,2.75,0.15,1.3,1.07,10.57,0,2.4,0.44,0,0,OuterCoastalPlain,15.95,28.26,905.76,10.51,CarolinaFlatwoods
CNF2,8,1856,1980,1572,1426,901,629,1875,1516,13.14,1.99,3.83,2.83,10.73,0,2.4,0.44,0,0,OuterCoastalPlain,15.95,28.26,905.76,10.51,CarolinaFlatwoods
CNF2,9,1856,1980,671,412,1137,316,523,375,8.56,8.8,2.38,1.26,23.23,0,2.4,0.44,0,0,OuterCoastalPlain,15.95,28.26,905.76,10.51,CarolinaFlatwoods
CNF2,10,1856,1980,1299,1052,1842,1260,1871,803,8.51,3.44,2.43,1.5,20.58,1,2.4,0.44,0,0,OuterCoastalPlain,15.95,28.26,905.76,10.51,CarolinaFlatwoods
CNF2,11,1856,1980,439,373,544,272,1424,595,29.04,9.04,3.72,8.59,16.54,1,2.4,0.44,0,0,OuterCoastalPlain,15.95,28.26,905.76,10.51,CarolinaFlatwoods
CNF2,12,1856,1980,1897,1444,880,349,888,751,9.6,2.25,,5.32,16.95,1,2.4,0.44,0,0,OuterCoastalPlain,15.95,28.26,905.76,10.51,CarolinaFlatwoods
CNF2,13,1856,1980,1208,1088,502,396,473,219,9.88,8.23,0.62,3.69,19.22,1,2.4,0.44,0,0,OuterCoastalPlain,15.95,28.26,905.76,10.51,CarolinaFlatwoods
CNF2,14,1856,1980,1967,1125,1702,1003,1955,1092,5.91,10.67,2.25,1.2,12.4,0,2.4,0.44,0,0,OuterCoastalPlain,15.95,28.26,905.76,10.51,CarolinaFlatwoods
CNF2,15,1856,1980,549,446,609,437,885,521,9.03,4.09,10.28,3.42,8.24,0,2.4,0.44,0,0,OuterCoastalPlain,15.95,28.26,905.76,10.51,CarolinaFlatwoods
CNF2,16,1856,1980,475,240,327,238,493,410,7.65,9.48,12.93,3.08,5.82,0,2.4,0.44,0,0,OuterCoastalPlain,15.95,28.26,905.76,10.51,CarolinaFlatwoods
CNF2,17,1856,1980,1885,1653,1873,1851,867,534,9.59,19.47,,2.24,5.1,0,2.4,0.44,0,0,OuterCoastalPlain,15.95,28.26,905.76,10.51,CarolinaFlatwoods
CNF2,18,1856,1980,1628,1331,581,390,1057,613,5.5,5.18,1.29,2.29,14.71,2,2.4,0.44,0,0,OuterCoastalPlain,15.95,28.26,905.76,10.51,CarolinaFlatwoods
CNF2,19,1856,1980,694,262,450,444,570,461,5.97,5.75,0.95,1.76,46.72,1,2.4,0.44,0,0,OuterCoastalPlain,15.95,28.26,905.76,10.51,CarolinaFlatwoods
CNF2,20,1856,1980,1382,922,1302,1199,1470,1407,3.14,0.4,,1.46,33.48,1,2.4,0.44,0,0,OuterCoastalPlain,15.95,28.26,905.76,10.51,CarolinaFlatwoods
CNF2,21,1856,1980,546,369,1323,1062,1186,1167,2.2,1.77,1.99,0.97,20.15,3,2.4,0.44,0,0,OuterCoastalPlain,15.95,28.26,905.76,10.51,CarolinaFlatwoods
CNF2,22,1856,1980,1194,1058,1244,1151,1469,1108,2.01,1.58,0.71,0.52,20.03,1,2.4,0.44,0,0,OuterCoastalPlain,15.95,28.26,905.76,10.51,CarolinaFlatwoods
CNF2,23,1856,1980,1620,1340,1046,858,752,420,6.69,16.83,0.16,1.83,11.61,0,2.4,0.44,0,0,OuterCoastalPlain,15.95,28.26,905.76,10.51,CarolinaFlatwoods
CNF2,24,1856,1980,1701,1437,1745,942,1686,895,11.32,4.2,,5.69,9.03,0,2.4,0.44,0,0,OuterCoastalPlain,15.95,28.26,905.76,10.51,CarolinaFlatwoods
CNF2,25,1856,1980,1685,1255,1724,947,1729,1296,15.84,12.48,,,12.89,0,2.4,0.44,0,0,OuterCoastalPlain,15.95,28.26,905.76,10.51,CarolinaFlatwoods
CNF3,1,,,,,,,,,11.24,9.42,6.52,2.51,25.91,0,2.75,0.34782608,0,0,OuterCoastalPlain,15.95,28.26,905.76,10.51,CarolinaFlatwoods
CNF3,2,,,,,,,,,5.18,14.39,5.33,1.59,23.46,1,2.75,0.34782608,0,0,OuterCoastalPlain,15.95,28.26,905.76,10.51,CarolinaFlatwoods
CNF3,3,,,,,,,,,8.57,11.75,9.83,0.78,14.17,1,2.75,0.34782608,0,0,OuterCoastalPlain,15.95,28.26,905.76,9.03,CarolinaFlatwoods
CNF3,4,,,,,,,,,22.43,14.31,1.45,7.09,17.43,0,2.75,0.34782608,0,0,OuterCoastalPlain,15.95,28.26,905.76,9.03,CarolinaFlatwoods
CNF3,5,,,,,,,,,19.69,8.43,3.74,2.18,15.13,0,2.75,0.34782608,0,0,OuterCoastalPlain,15.95,28.26,905.76,9.03,CarolinaFlatwoods
CNF3,6,,,,,,,,,5.16,13.81,2.43,1.36,14.34,0,2.75,0.34782608,0,0,OuterCoastalPlain,15.95,28.26,905.76,9.03,CarolinaFlatwoods
CNF3,7,,,,,,,,,,17.99,5.42,,20.67,0,2.75,0.34782608,0,0,OuterCoastalPlain,15.95,28.26,905.76,9.03,CarolinaFlatwoods
CNF3,8,,,,,,,,,4.96,14.25,2.65,0.58,21.63,0,2.75,0.34782608,0,0,OuterCoastalPlain,15.95,28.26,905.76,9.03,CarolinaFlatwoods
CNF3,9,,,,,,,,,15.06,4.42,2.02,1.09,25.1,1,2.75,0.34782608,0,0,OuterCoastalPlain,15.95,28.26,905.76,9.03,CarolinaFlatwoods
CNF3,10,,,,,,,,,18.08,3.9,1.61,1.51,37.6,1,2.75,0.34782608,0,0,OuterCoastalPlain,15.95,28.26,905.76,9.03,CarolinaFlatwoods
CNF3,11,,,,,,,,,11.66,5.47,1.44,0.85,28.1,1,2.75,0.34782608,0,0,OuterCoastalPlain,15.95,28.26,905.76,9.03,CarolinaFlatwoods
CNF3,12,,,,,,,,,14.04,0.41,3.46,1.72,22.74,0,2.75,0.34782608,0,0,OuterCoastalPlain,15.95,28.26,905.76,9.03,CarolinaFlatwoods
CNF3,13,,,,,,,,,13.5,4.71,1.91,1.15,13.41,0,2.75,0.34782608,0,0,OuterCoastalPlain,15.95,28.26,905.76,9.03,CarolinaFlatwoods
CNF3,14,,,,,,,,,,17.63,4.84,,16.79,2,2.75,0.34782608,0,0,OuterCoastalPlain,15.95,28.26,905.76,9.03,CarolinaFlatwoods
CNF3,15,,,,,,,,,6.67,20.01,4.72,0.94,18.87,0,2.75,0.34782608,0,0,OuterCoastalPlain,15.95,28.26,905.76,9.03,CarolinaFlatwoods
CNF3,16,,,,,,,,,11.54,16.7,5.62,1.17,24.93,0,2.75,0.34782608,0,0,OuterCoastalPlain,15.95,28.26,905.76,9.03,CarolinaFlatwoods
CNF3,17,,,,,,,,,9.9,3.97,3.54,1.85,16.89,0,2.75,0.34782608,0,0,OuterCoastalPlain,15.95,28.26,905.76,9.03,CarolinaFlatwoods
CNF3,18,,,,,,,,,8.62,6.39,6.93,2.32,13.95,0,2.75,0.34782608,0,0,OuterCoastalPlain,15.95,28.26,905.76,9.03,CarolinaFlatwoods
CNF3,19,,,,,,,,,18.82,3.09,5.44,1.19,25.53,0,2.75,0.34782608,0,0,OuterCoastalPlain,15.95,28.26,905.76,9.03,CarolinaFlatwoods
CNF3,20,,,,,,,,,30.66,9.53,,2.31,26.19,1,2.75,0.34782608,0,0,OuterCoastalPlain,15.95,28.26,905.76,9.03,CarolinaFlatwoods
CNF3,21,,,,,,,,,13.88,3.7,3.02,1.29,15.59,0,2.75,0.34782608,0,0,OuterCoastalPlain,15.95,28.26,905.76,9.03,CarolinaFlatwoods
CNF3,22,,,,,,,,,21.66,15.51,,1.64,23.81,0,2.75,0.34782608,0,0,OuterCoastalPlain,15.95,28.26,905.76,9.03,CarolinaFlatwoods
CNF3,23,,,,,,,,,15.91,5.74,3.6,2.53,21.41,0,2.75,0.34782608,0,0,OuterCoastalPlain,15.95,28.26,905.76,9.03,CarolinaFlatwoods
CNF3,24,,,,,,,,,13.37,5.56,3.1,1.94,19.33,1,2.75,0.34782608,0,0,OuterCoastalPlain,15.95,28.26,905.76,9.03,CarolinaFlatwoods
CNF3,25,,,,,,,,,5.9,16.79,2.08,1,27.84,0,2.75,0.34782608,0,0,OuterCoastalPlain,15.95,28.26,905.76,9.03,CarolinaFlatwoods
